{
  "General": {
    "WaitTime": 100,
    "RequestTimeout": 10,
    "MaxHits": 0,
    "BotsDisplayMode": 1,
    "EnableBotLog": false,
    "SaveLastSource": false,
    "WebhookEnabled": false,
    "WebhookURL": "",
    "WebhookUser": "Undefined"
  },
  "Proxies": {
    "ConcurrentUse": false,
    "NeverBan": false,
    "BanLoopEvasion": 100,
    "ShuffleOnStart": true,
    "Reload": true,
    "ReloadSource": 0,
    "ReloadPath": "",
    "ReloadType": 0,
    "ReloadInterval": 0,
    "AlwaysGetClearance": false,
    "GlobalBanKeys": [],
    "GlobalRetryKeys": [],
    "RemoteProxySources": [
      {
        "Id": 278955830,
        "Active": true,
        "Url": "https://api.proxyscrape.com/?request=getproxies&proxytype=http&timeout=10000&country=all&ssl=all&anonymity=all",
        "Type": 0,
        "Pattern": "([0-9]+\\.[0-9]+\\.[0-9]+\\.[0-9]+:[0-9]+)",
        "Output": "[1]"
      },
      {
        "Id": 210759584,
        "Active": true,
        "Url": "https://api.proxyscrape.com/?request=getproxies&proxytype=socks4&timeout=10000&country=all",
        "Type": 1,
        "Pattern": "([0-9]+\\.[0-9]+\\.[0-9]+\\.[0-9]+:[0-9]+)",
        "Output": "[1]"
      },
      {
        "Id": 729640908,
        "Active": true,
        "Url": "https://api.proxyscrape.com/?request=getproxies&proxytype=socks5&timeout=10000&country=all",
        "Type": 3,
        "Pattern": "([0-9]+\\.[0-9]+\\.[0-9]+\\.[0-9]+:[0-9]+)",
        "Output": "[1]"
      }
    ]
  },
  "Captchas": {
    "CurrentService": 0,
    "AntiCapToken": "",
    "ImageTypToken": "",
    "DBCUser": "",
    "DBCPass": "",
    "TwoCapToken": "",
    "RuCapToken": "",
    "DCUser": "",
    "DCPass": "",
    "AZCapToken": "",
    "SRUserId": "",
    "SRToken": "",
    "CIOToken": "",
    "CDToken": "",
    "CustomTwoCapToken": "",
    "CustomTwoCapDomain": "example.com",
    "CustomTwoCapPort": 80,
    "BypassBalanceCheck": false,
    "Timeout": 120
  },
  "Selenium": {
    "Browser": 0,
    "Headless": false,
    "FirefoxBinaryLocation": "C:\\Program Files (x86)\\Mozilla Firefox\\firefox.exe",
    "ChromeBinaryLocation": "C:\\Program Files (x86)\\Google\\Chrome\\Application\\chrome.exe",
    "ChromeExtensions": [],
    "DrawMouseMovement": true,
    "PageLoadTimeout": 60
  }
}